#名前,レア度,スロット1,スロット2,スロット3,スロット1タイプ,スロット2タイプ,スロット3タイプ,入手時期,初期防御力,最終防御力,火耐性,水耐性,雷耐性,氷耐性,龍耐性,スキル系統1,スキル値1,スキル系統2,スキル値2,スキル系統3,スキル値3,スキル系統4,スキル値4,スキル系統5,スキル値5,生産素材1,個数,生産素材2,個数,生産素材3,個数,生産素材4,仮番号
スロなし護石,1,0,0,0,0,0,0,0,5,50,0,0,0,0,0,,,,,,,,,,,,,,,,,,10
武器スロ護石,1,1,2,3,1,1,1,0,0,0,0,0,0,0,0,,,,,,,,,,,,,,,,,,20
防具スロ護石,1,1,2,3,0,0,0,0,0,0,0,0,0,0,0,,,,,,,,,,,,,,,,,,30
両対応スロ護石,1,1,2,3,2,2,2,0,0,0,0,0,0,0,0,,,,,,,,,,,,,,,,,,40
