#名前,レア度,スロットサイズ,スロットタイプ,入手時期,スキル系統1,スキル値1,スキル系統2,スキル値2,仮番号
武器１スロ【１】,1,1,1,0,武器１スロ,1,,,10
武器２スロ【２】,1,2,1,0,武器２スロ,1,,,20
武器３スロ【３】,1,3,1,0,武器３スロ,1,,,30
武器４スロ【４】,1,4,1,0,武器４スロ,1,,,40
防具１スロ【１】,1,1,0,0,防具１スロ,1,,,50
防具２スロ【２】,1,2,0,0,防具２スロ,1,,,60
防具３スロ【３】,1,3,0,0,防具３スロ,1,,,70
防具４スロ【４】,1,4,0,0,防具４スロ,1,,,80
